{
  "resourceType" : "ConceptMap",
  "id" : "medProd2FHIR-eu-mpd",
  "text" : {
    "status" : "generated",
    "div" : "<div xmlns=\"http://www.w3.org/1999/xhtml\"><p class=\"res-header-id\"><b>Generated Narrative: ConceptMap medProd2FHIR-eu-mpd</b></p><a name=\"medProd2FHIR-eu-mpd\"> </a><a name=\"hcmedProd2FHIR-eu-mpd\"> </a><a name=\"medProd2FHIR-eu-mpd-en-US\"> </a><p>Mapping from <a href=\"StructureDefinition-MedicinalProduct.html\">A1.4 Identification of the prescribed product</a> to <a href=\"StructureDefinition-Medication-eu-mpd.html\">Medication: MPD</a></p><br/><p><b>Group 1 </b>Mapping from <a href=\"StructureDefinition-Prescription.html\">A - Prescription</a> to <a href=\"StructureDefinition-Medication-eu-mpd.html\">Medication: MPD</a></p><table class=\"grid\"><tr><td><b>Source Code</b></td><td><b>Relationship</b></td><td><b>Target Code</b></td><td><b>Comment</b></td></tr><tr><td>MedicinalProduct.name (A.1.4.1 Name of the medicinal product)</td><td><a href=\"http://hl7.org/fhir/extensions/5.1.0/CodeSystem-concept-map-equivalence.html#equivalent\" title=\"equivalent\">is equivalent to</a></td><td>Medication.extension[productName]</td><td/></tr><tr><td>MedicinalProduct.name (A.1.4.1 Name of the medicinal product)</td><td><a href=\"http://hl7.org/fhir/extensions/5.1.0/CodeSystem-concept-map-equivalence.html#relatedto\" title=\"relatedto\">is related to</a></td><td>Medication.code.text</td><td/></tr><tr><td>MedicinalProduct.name (A.1.4.1 Name of the medicinal product)</td><td><a href=\"http://hl7.org/fhir/extensions/5.1.0/CodeSystem-concept-map-equivalence.html#relatedto\" title=\"relatedto\">is related to</a></td><td>Medication.code.coding.display</td><td/></tr><tr><td>MedicinalProduct.mpid (A.1.4.2 Identifier of the medicinal product)</td><td><a href=\"http://hl7.org/fhir/extensions/5.1.0/CodeSystem-concept-map-equivalence.html#relatedto\" title=\"relatedto\">is related to</a></td><td>Medication.identifier</td><td/></tr><tr><td>MedicinalProduct.phpid (A.1.4.2.1 Identifier(s) of the pharmaceutical product)</td><td><a href=\"http://hl7.org/fhir/extensions/5.1.0/CodeSystem-concept-map-equivalence.html#relatedto\" title=\"relatedto\">is related to</a></td><td>Medication.extension[classification]</td><td/></tr><tr><td>MedicinalProduct.phpid (A.1.4.2.1 Identifier(s) of the pharmaceutical product)</td><td><a href=\"http://hl7.org/fhir/extensions/5.1.0/CodeSystem-concept-map-equivalence.html#relatedto\" title=\"relatedto\">is related to</a></td><td>Medication.code.coding</td><td/></tr><tr><td>MedicinalProduct.pcid (A.1.4.2.2 Identifier(s) of the packaged medicinal product)</td><td><a href=\"http://hl7.org/fhir/extensions/5.1.0/CodeSystem-concept-map-equivalence.html#relatedto\" title=\"relatedto\">is related to</a></td><td>Medication.identifier</td><td/></tr><tr><td>MedicinalProduct.marketingAuthHolder (A.1.4.3 Marketing authorisation holder)</td><td><a href=\"http://hl7.org/fhir/extensions/5.1.0/CodeSystem-concept-map-equivalence.html#relatedto\" title=\"relatedto\">is related to</a></td><td>Medication.manufacturer</td><td/></tr><tr><td>MedicinalProduct.activeSubstance (A.1.4.4 Active substance(s))</td><td><a href=\"http://hl7.org/fhir/extensions/5.1.0/CodeSystem-concept-map-equivalence.html#equivalent\" title=\"equivalent\">is equivalent to</a></td><td>Medication.ingredient.item</td><td>Where isActive = true.</td></tr><tr><td>MedicinalProduct.strength (A.1.4.4.1 Strength of the active substance(s))</td><td><a href=\"http://hl7.org/fhir/extensions/5.1.0/CodeSystem-concept-map-equivalence.html#equivalent\" title=\"equivalent\">is equivalent to</a></td><td>Medication.ingredient.strength</td><td>When the basis of strength substance is different from Medication.ingredient, then the basis of strength subspatnce is provided using an extension.</td></tr><tr><td>MedicinalProduct.classification (A.1.4.5 Product classification)</td><td><a href=\"http://hl7.org/fhir/extensions/5.1.0/CodeSystem-concept-map-equivalence.html#equivalent\" title=\"equivalent\">is equivalent to</a></td><td>Medication.extension[classification]</td><td/></tr><tr><td>MedicinalProduct.doseForm (A.1.4.6 Pharmaceutical dose form(s))</td><td><a href=\"http://hl7.org/fhir/extensions/5.1.0/CodeSystem-concept-map-equivalence.html#equivalent\" title=\"equivalent\">is equivalent to</a></td><td>Medication.form</td><td/></tr><tr><td>MedicinalProduct.unitOfPresentation (A.1.4.7 Unit of presentation(s))</td><td><a href=\"http://hl7.org/fhir/extensions/5.1.0/CodeSystem-concept-map-equivalence.html#equivalent\" title=\"equivalent\">is equivalent to</a></td><td>Medication.extension[unitOfPresentation]</td><td/></tr><tr><td>MedicinalProduct.unitOfPresentation (A.1.4.7 Unit of presentation(s))</td><td><a href=\"http://hl7.org/fhir/extensions/5.1.0/CodeSystem-concept-map-equivalence.html#equivalent\" title=\"equivalent\">is equivalent to</a></td><td>Medication.ingredient.strength.denominator.code</td><td>if it is the presentation strength</td></tr><tr><td>MedicinalProduct.packageType (A.1.4.8 Package type)</td><td><a href=\"http://hl7.org/fhir/extensions/5.1.0/CodeSystem-concept-map-equivalence.html#relatedto\" title=\"relatedto\">is related to</a></td><td>Medication.extension[packageType]</td><td/></tr><tr><td>MedicinalProduct.packageSize (A.1.4.9 Pack size)</td><td><a href=\"http://hl7.org/fhir/extensions/5.1.0/CodeSystem-concept-map-equivalence.html#relatedto\" title=\"relatedto\">is related to</a></td><td>Medication.amount</td><td>See also. Medication.extension[sizeOfItem]</td></tr></table></div>"
  },
  "url" : "http://hl7.eu/fhir/mpd/ConceptMap/medProd2FHIR-eu-mpd",
  "version" : "0.1.0",
  "name" : "MedProd2Fhir",
  "title" : "eHN Medicinal Product to this guide Map",
  "status" : "draft",
  "experimental" : true,
  "date" : "2025-01-24T16:46:01+00:00",
  "publisher" : "HL7 Europe",
  "contact" : [{
    "name" : "HL7 Europe",
    "telecom" : [{
      "system" : "url",
      "value" : "http://hl7.eu"
    }]
  }],
  "description" : "eHN Medicinal Product Model to this guide Map",
  "jurisdiction" : [{
    "coding" : [{
      "system" : "http://unstats.un.org/unsd/methods/m49/m49.htm",
      "code" : "150",
      "display" : "Europe"
    }]
  }],
  "purpose" : "It shows how the Medicinal Product data set defined by the EU eHN guidelines is mapped into this guide",
  "copyright" : "Used by permission of HL7 Europe, all rights reserved Creative Commons License",
  "sourceUri" : "http://hl7.eu/fhir/mpd/StructureDefinition/MedicinalProduct",
  "targetUri" : "http://hl7.eu/fhir/mpd/StructureDefinition/Medication-eu-mpd",
  "group" : [{
    "source" : "http://hl7.eu/fhir/mpd/StructureDefinition/Prescription",
    "target" : "http://hl7.eu/fhir/mpd/StructureDefinition/Medication-eu-mpd",
    "element" : [{
      "code" : "MedicinalProduct.name",
      "display" : "A.1.4.1 Name of the medicinal product",
      "target" : [{
        "code" : "Medication.extension[productName]",
        "equivalence" : "equivalent"
      }]
    },
    {
      "code" : "MedicinalProduct.name",
      "display" : "A.1.4.1 Name of the medicinal product",
      "target" : [{
        "code" : "Medication.code.text",
        "equivalence" : "relatedto"
      }]
    },
    {
      "code" : "MedicinalProduct.name",
      "display" : "A.1.4.1 Name of the medicinal product",
      "target" : [{
        "code" : "Medication.code.coding.display",
        "equivalence" : "relatedto"
      }]
    },
    {
      "code" : "MedicinalProduct.mpid",
      "display" : "A.1.4.2 Identifier of the medicinal product",
      "target" : [{
        "code" : "Medication.identifier",
        "equivalence" : "relatedto"
      }]
    },
    {
      "code" : "MedicinalProduct.phpid",
      "display" : "A.1.4.2.1 Identifier(s) of the pharmaceutical product",
      "target" : [{
        "code" : "Medication.extension[classification]",
        "equivalence" : "relatedto"
      }]
    },
    {
      "code" : "MedicinalProduct.phpid",
      "display" : "A.1.4.2.1 Identifier(s) of the pharmaceutical product",
      "target" : [{
        "code" : "Medication.code.coding",
        "equivalence" : "relatedto"
      }]
    },
    {
      "code" : "MedicinalProduct.pcid",
      "display" : "A.1.4.2.2 Identifier(s) of the packaged medicinal product",
      "target" : [{
        "code" : "Medication.identifier",
        "equivalence" : "relatedto"
      }]
    },
    {
      "code" : "MedicinalProduct.marketingAuthHolder",
      "display" : "A.1.4.3 Marketing authorisation holder",
      "target" : [{
        "code" : "Medication.manufacturer",
        "equivalence" : "relatedto"
      }]
    },
    {
      "code" : "MedicinalProduct.activeSubstance",
      "display" : "A.1.4.4 Active substance(s)",
      "target" : [{
        "code" : "Medication.ingredient.item",
        "equivalence" : "equivalent",
        "comment" : "Where isActive = true."
      }]
    },
    {
      "code" : "MedicinalProduct.strength",
      "display" : "A.1.4.4.1 Strength of the active substance(s)",
      "target" : [{
        "code" : "Medication.ingredient.strength",
        "equivalence" : "equivalent",
        "comment" : "When the basis of strength substance is different from Medication.ingredient, then the basis of strength subspatnce is provided using an extension."
      }]
    },
    {
      "code" : "MedicinalProduct.classification",
      "display" : "A.1.4.5 Product classification",
      "target" : [{
        "code" : "Medication.extension[classification]",
        "equivalence" : "equivalent"
      }]
    },
    {
      "code" : "MedicinalProduct.doseForm",
      "display" : "A.1.4.6 Pharmaceutical dose form(s)",
      "target" : [{
        "code" : "Medication.form",
        "equivalence" : "equivalent"
      }]
    },
    {
      "code" : "MedicinalProduct.unitOfPresentation",
      "display" : "A.1.4.7 Unit of presentation(s)",
      "target" : [{
        "code" : "Medication.extension[unitOfPresentation]",
        "equivalence" : "equivalent"
      }]
    },
    {
      "code" : "MedicinalProduct.unitOfPresentation",
      "display" : "A.1.4.7 Unit of presentation(s)",
      "target" : [{
        "code" : "Medication.ingredient.strength.denominator.code",
        "equivalence" : "equivalent",
        "comment" : "if it is the presentation strength"
      }]
    },
    {
      "code" : "MedicinalProduct.packageType",
      "display" : "A.1.4.8 Package type",
      "target" : [{
        "code" : "Medication.extension[packageType]",
        "equivalence" : "relatedto"
      }]
    },
    {
      "code" : "MedicinalProduct.packageSize",
      "display" : "A.1.4.9 Pack size",
      "target" : [{
        "code" : "Medication.amount",
        "equivalence" : "relatedto",
        "comment" : "See also. Medication.extension[sizeOfItem]"
      }]
    }]
  }]
}