{
  "resourceType" : "MedicationRequest",
  "id" : "100C-3-medication-prescription-request2",
  "meta" : {
    "profile" : ["http://hl7.eu/fhir/mpd/StructureDefinition/MedicationRequest-eu-mpd"]
  },
  "text" : {
    "status" : "generated",
    "div" : "<div xmlns=\"http://www.w3.org/1999/xhtml\"><p class=\"res-header-id\"><b>Generated Narrative: MedicationRequest 100C-3-medication-prescription-request2</b></p><a name=\"100C-3-medication-prescription-request2\"> </a><a name=\"hc100C-3-medication-prescription-request2\"> </a><a name=\"100C-3-medication-prescription-request2-en-US\"> </a><p><b>identifier</b>: 100-2/3</p><p><b>status</b>: Active</p><p><b>intent</b>: Option</p><p><b>medication</b>: <span title=\"Codes:{http://snomed.info/sct 326766003}\">Melphalan 2 mg oral tablet</span></p><p><b>subject</b>: <a href=\"Patient-patient1.html\">Thomas Engine  Male, DoB: 1950-09-15 ( 12345)</a></p><p><b>authoredOn</b>: 2024-10-03</p><p><b>requester</b>: <a href=\"PractitionerRole-doctor1.html\">PractitionerRole Clinical oncologist</a></p><p><b>reasonCode</b>: <span title=\"Codes:{http://snomed.info/sct 109989006}\">Multiple myeloma</span></p><p><b>groupIdentifier</b>: 100</p><blockquote><p><b>dosageInstruction</b></p><p><b>timing</b>: Once per 1 day</p><h3>DoseAndRates</h3><table class=\"grid\"><tr><td style=\"display: none\">-</td><td><b>Dose[x]</b></td></tr><tr><td style=\"display: none\">*</td><td>4 Tablet<span style=\"background: LightGoldenRodYellow\"> (Details: SNOMED CT  code732936001 = 'Tablet (unit of presentation)')</span></td></tr></table></blockquote><h3>DispenseRequests</h3><table class=\"grid\"><tr><td style=\"display: none\">-</td><td><b>ValidityPeriod</b></td><td><b>NumberOfRepeatsAllowed</b></td><td><b>Quantity</b></td></tr><tr><td style=\"display: none\">*</td><td>2024-10-03 --&gt; 2024-12-03</td><td>1</td><td>16 Tablet<span style=\"background: LightGoldenRodYellow\"> (Details: SNOMED CT  code732936001 = 'Tablet (unit of presentation)')</span></td></tr></table></div>"
  },
  "identifier" : [{
    "value" : "100-2/3"
  }],
  "status" : "active",
  "intent" : "option",
  "medicationCodeableConcept" : {
    "coding" : [{
      "system" : "http://snomed.info/sct",
      "code" : "326766003",
      "display" : "Melphalan 2 mg oral tablet"
    }]
  },
  "subject" : {
    "reference" : "Patient/patient1"
  },
  "authoredOn" : "2024-10-03",
  "requester" : {
    "reference" : "PractitionerRole/doctor1"
  },
  "reasonCode" : [{
    "coding" : [{
      "system" : "http://snomed.info/sct",
      "code" : "109989006",
      "display" : "Multiple myeloma"
    }]
  }],
  "groupIdentifier" : {
    "value" : "100"
  },
  "dosageInstruction" : [{
    "timing" : {
      "repeat" : {
        "boundsDuration" : {
          "value" : 4,
          "unit" : "day",
          "system" : "http://unitsofmeasure.org",
          "code" : "d"
        },
        "frequency" : 1,
        "period" : 1,
        "periodUnit" : "d"
      }
    },
    "doseAndRate" : [{
      "doseQuantity" : {
        "value" : 4,
        "unit" : "Tablet",
        "system" : "http://snomed.info/sct",
        "code" : "732936001"
      }
    }]
  }],
  "dispenseRequest" : {
    "validityPeriod" : {
      "start" : "2024-10-03",
      "end" : "2024-12-03"
    },
    "numberOfRepeatsAllowed" : 1,
    "quantity" : {
      "value" : 16,
      "unit" : "Tablet",
      "system" : "http://snomed.info/sct",
      "code" : "732936001"
    }
  }
}