{
  "resourceType" : "Medication",
  "id" : "01D-Cefuroxime750Branded",
  "meta" : {
    "profile" : ["http://hl7.eu/fhir/mpd/StructureDefinition/Medication-eu-mpd"]
  },
  "text" : {
    "status" : "extensions",
    "div" : "<div xmlns=\"http://www.w3.org/1999/xhtml\"><p class=\"res-header-id\"><b>Generated Narrative: Medication 01D-Cefuroxime750Branded</b></p><a name=\"01D-Cefuroxime750Branded\"> </a><a name=\"hc01D-Cefuroxime750Branded\"> </a><a name=\"01D-Cefuroxime750Branded-en-US\"> </a><p><b>Medication - Classification</b>: <span title=\"Codes:{http://www.whocc.no/atc J01DC02}\">cefuroxime</span></p><p><b>Medication - Product Name</b>: Cefuroxime MIP 750 mg, süstelahuse pulber</p><p><b>Medication - Unit of presentation</b>: <span title=\"Codes:{http://standardterms.edqm.eu 15060000}\">Vial</span></p><p><b>identifier</b>: <code>https://www.ravimiregister.ee</code>/1529928</p><p><b>manufacturer</b>: MIP Pharma GmbH</p><p><b>form</b>: <span title=\"Codes:{http://standardterms.edqm.eu 11205000}\">Powder for solution for injection</span></p><p><b>amount</b>: 5 Vial<span style=\"background: LightGoldenRodYellow\"> (Details: standardterms.edqm.eu  code15060000 = 'Vial')</span>/1</p><h3>Ingredients</h3><table class=\"grid\"><tr><td style=\"display: none\">-</td><td><b>Item[x]</b></td><td><b>IsActive</b></td><td><b>Strength</b></td></tr><tr><td style=\"display: none\">*</td><td><span title=\"Codes:{http://snomed.info/sct 48753004}\">Cefuroxime sodium</span></td><td>true</td><td>750 milligram<span style=\"background: LightGoldenRodYellow\"> (Details: UCUM  codemg = 'mg')</span>/1 Vial<span style=\"background: LightGoldenRodYellow\"> (Details: standardterms.edqm.eu  code15060000 = 'Vial')</span></td></tr></table></div>"
  },
  "extension" : [{
    "url" : "http://profiles.ihe.net/PHARM/ihe.pharm.mpd/StructureDefinition/ihe-ext-medication-classification",
    "valueCodeableConcept" : {
      "coding" : [{
        "system" : "http://www.whocc.no/atc",
        "code" : "J01DC02",
        "display" : "cefuroxime"
      }]
    }
  },
  {
    "url" : "http://profiles.ihe.net/PHARM/ihe.pharm.mpd/StructureDefinition/ihe-ext-medication-productname",
    "valueString" : "Cefuroxime MIP 750 mg, süstelahuse pulber"
  },
  {
    "url" : "http://profiles.ihe.net/PHARM/ihe.pharm.mpd/StructureDefinition/ihe-ext-medication-unitofpresentation",
    "valueCodeableConcept" : {
      "coding" : [{
        "system" : "http://standardterms.edqm.eu",
        "code" : "15060000",
        "display" : "Vial"
      }]
    }
  }],
  "identifier" : [{
    "system" : "https://www.ravimiregister.ee",
    "value" : "1529928"
  }],
  "manufacturer" : {
    "display" : "MIP Pharma GmbH"
  },
  "form" : {
    "coding" : [{
      "system" : "http://standardterms.edqm.eu",
      "code" : "11205000",
      "display" : "Powder for solution for injection"
    }]
  },
  "amount" : {
    "numerator" : {
      "value" : 5,
      "unit" : "Vial",
      "system" : "http://standardterms.edqm.eu",
      "code" : "15060000"
    },
    "denominator" : {
      "value" : 1
    }
  },
  "ingredient" : [{
    "itemCodeableConcept" : {
      "coding" : [{
        "system" : "http://snomed.info/sct",
        "code" : "48753004",
        "display" : "Cefuroxime sodium"
      }]
    },
    "isActive" : true,
    "strength" : {
      "extension" : [{
        "url" : "http://profiles.ihe.net/PHARM/ihe.pharm.mpd/StructureDefinition/ihe-ext-medication-strengthsubstance",
        "valueCodeableConcept" : {
          "coding" : [{
            "system" : "http://snomed.info/sct",
            "code" : "372833007",
            "display" : "Cefuroxime"
          }]
        }
      }],
      "numerator" : {
        "value" : 750,
        "unit" : "milligram",
        "system" : "http://unitsofmeasure.org",
        "code" : "mg"
      },
      "denominator" : {
        "value" : 1,
        "unit" : "Vial",
        "system" : "http://standardterms.edqm.eu",
        "code" : "15060000"
      }
    }
  }]
}