<?xml version="1.0" encoding="UTF-8"?>

<Medication xmlns="http://hl7.org/fhir">
  <id value="02A2-CanifugCremolumPessaryItem"/>
  <meta>
    <profile value="http://hl7.eu/fhir/mpd/StructureDefinition/Medication-eu-mpd"/>
  </meta>
  <text>
    <status value="extensions"/><div xmlns="http://www.w3.org/1999/xhtml"><p class="res-header-id"><b>Generated Narrative: Medication 02A2-CanifugCremolumPessaryItem</b></p><a name="02A2-CanifugCremolumPessaryItem"> </a><a name="hc02A2-CanifugCremolumPessaryItem"> </a><a name="02A2-CanifugCremolumPessaryItem-en-US"> </a><p><b>Medication - Unit of presentation</b>: <span title="Codes:{http://standardterms.edqm.eu 15039000}">Pessary</span></p><p><b>form</b>: <span title="Codes:{http://standardterms.edqm.eu 10909000}">Pessary</span></p><p><b>amount</b>: 6 Pessary<span style="background: LightGoldenRodYellow"> (Details: standardterms.edqm.eu  code15039000 = 'Pessary')</span>/1</p><h3>Ingredients</h3><table class="grid"><tr><td style="display: none">-</td><td><b>Item[x]</b></td><td><b>IsActive</b></td><td><b>Strength</b></td></tr><tr><td style="display: none">*</td><td><span title="Codes:{http://snomed.info/sct 387325003}">Clotrimazole</span></td><td>true</td><td>100 milligram<span style="background: LightGoldenRodYellow"> (Details: UCUM  codemg = 'mg')</span>/1 Pessary<span style="background: LightGoldenRodYellow"> (Details: standardterms.edqm.eu  code15039000 = 'Pessary')</span></td></tr></table></div>
  </text>
  <extension url="http://profiles.ihe.net/PHARM/ihe.pharm.mpd/StructureDefinition/ihe-ext-medication-unitofpresentation">
    <valueCodeableConcept>
      <coding>
        <system value="http://standardterms.edqm.eu"/>
        <code value="15039000"/>
        <display value="Pessary"/>
      </coding>
    </valueCodeableConcept>
  </extension>
  <form>
    <coding>
      <system value="http://standardterms.edqm.eu"/>
      <code value="10909000"/>
      <display value="Pessary"/>
    </coding>
  </form>
  <amount>
    <numerator>
      <value value="6"/>
      <unit value="Pessary"/>
      <system value="http://standardterms.edqm.eu"/>
      <code value="15039000"/>
    </numerator>
    <denominator>
      <value value="1"/>
    </denominator>
  </amount>
  <ingredient>
    <itemCodeableConcept>
      <coding>
        <system value="http://snomed.info/sct"/>
        <code value="387325003"/>
        <display value="Clotrimazole"/>
      </coding>
    </itemCodeableConcept>
    <isActive value="true"/>
    <strength>
      <numerator>
        <value value="100"/>
        <unit value="milligram"/>
        <system value="http://unitsofmeasure.org"/>
        <code value="mg"/>
      </numerator>
      <denominator>
        <value value="1"/>
        <unit value="Pessary"/>
        <system value="http://standardterms.edqm.eu"/>
        <code value="15039000"/>
      </denominator>
    </strength>
  </ingredient>
</Medication>