{
  "resourceType" : "Medication",
  "id" : "01A-Cefuroxime1500GenericExplicit",
  "meta" : {
    "profile" : ["http://hl7.eu/fhir/mpd/StructureDefinition/Medication-eu-mpd"]
  },
  "text" : {
    "status" : "extensions",
    "div" : "<div xmlns=\"http://www.w3.org/1999/xhtml\"><p class=\"res-header-id\"><b>Generated Narrative: Medication 01A-Cefuroxime1500GenericExplicit</b></p><a name=\"01A-Cefuroxime1500GenericExplicit\"> </a><a name=\"hc01A-Cefuroxime1500GenericExplicit\"> </a><a name=\"01A-Cefuroxime1500GenericExplicit-en-US\"> </a><p><b>Medication - Classification</b>: <span title=\"Codes:{http://www.whocc.no/atc J01DC02}\">cefuroxime</span></p><p><b>form</b>: <span title=\"Codes:{http://standardterms.edqm.eu 50053000}\">Powder for solution for injection or infusion</span></p><h3>Ingredients</h3><table class=\"grid\"><tr><td style=\"display: none\">-</td><td><b>Item[x]</b></td><td><b>IsActive</b></td><td><b>Strength</b></td></tr><tr><td style=\"display: none\">*</td><td><span title=\"Codes:{http://snomed.info/sct 372833007}\">Cefuroxime</span></td><td>true</td><td>1500 milligram<span style=\"background: LightGoldenRodYellow\"> (Details: UCUM  codemg = 'mg')</span>/1 Vial<span style=\"background: LightGoldenRodYellow\"> (Details: standardterms.edqm.eu  code15060000 = 'Vial')</span></td></tr></table></div>"
  },
  "extension" : [{
    "url" : "http://profiles.ihe.net/PHARM/ihe.pharm.mpd/StructureDefinition/ihe-ext-medication-classification",
    "valueCodeableConcept" : {
      "coding" : [{
        "system" : "http://www.whocc.no/atc",
        "code" : "J01DC02",
        "display" : "cefuroxime"
      }]
    }
  }],
  "form" : {
    "coding" : [{
      "system" : "http://standardterms.edqm.eu",
      "code" : "50053000",
      "display" : "Powder for solution for injection or infusion"
    }]
  },
  "ingredient" : [{
    "itemCodeableConcept" : {
      "coding" : [{
        "system" : "http://snomed.info/sct",
        "code" : "372833007",
        "display" : "Cefuroxime"
      }]
    },
    "isActive" : true,
    "strength" : {
      "numerator" : {
        "value" : 1500,
        "unit" : "milligram",
        "system" : "http://unitsofmeasure.org",
        "code" : "mg"
      },
      "denominator" : {
        "value" : 1,
        "unit" : "Vial",
        "system" : "http://standardterms.edqm.eu",
        "code" : "15060000"
      }
    }
  }]
}