<?xml version="1.0" encoding="UTF-8"?>

<Patient xmlns="http://hl7.org/fhir">
  <id value="patient2"/>
  <meta>
    <profile value="http://hl7.eu/fhir/base/StructureDefinition/patient-eu-core"/>
  </meta>
  <text>
    <status value="generated"/><div xmlns="http://www.w3.org/1999/xhtml"><p class="res-header-id"><b>Generated Narrative: Patient patient2</b></p><a name="patient2"> </a><a name="hcpatient2"> </a><a name="patient2-en-US"> </a><p style="border: 1px #661aff solid; background-color: #e6e6ff; padding: 10px;">Emily Engine  Female, DoB: 1990-10-28 ( 12345)</p><hr/></div>
  </text>
  <identifier>
    <value value="12345"/>
  </identifier>
  <name>
    <family value="Engine"/>
    <given value="Emily"/>
  </name>
  <gender value="female"/>
  <birthDate value="1990-10-28"/>
</Patient>