<?xml version="1.0" encoding="UTF-8"?>

<Patient xmlns="http://hl7.org/fhir">
  <id value="patient1"/>
  <meta>
    <profile value="http://hl7.eu/fhir/base/StructureDefinition/patient-eu-core"/>
  </meta>
  <text>
    <status value="generated"/><div xmlns="http://www.w3.org/1999/xhtml"><p class="res-header-id"><b>Generated Narrative: Patient patient1</b></p><a name="patient1"> </a><a name="hcpatient1"> </a><a name="patient1-en-US"> </a><p style="border: 1px #661aff solid; background-color: #e6e6ff; padding: 10px;">Thomas Engine  Male, DoB: 1950-09-15 ( 12345)</p><hr/></div>
  </text>
  <identifier>
    <value value="12345"/>
  </identifier>
  <name>
    <family value="Engine"/>
    <given value="Thomas"/>
  </name>
  <gender value="male"/>
  <birthDate value="1950-09-15"/>
</Patient>