<?xml version="1.0" encoding="UTF-8"?>

<Medication xmlns="http://hl7.org/fhir">
  <id value="02A1-CanifugCremolumCreamItem"/>
  <meta>
    <profile value="http://hl7.eu/fhir/mpd/StructureDefinition/Medication-eu-mpd"/>
  </meta>
  <text>
    <status value="extensions"/><div xmlns="http://www.w3.org/1999/xhtml"><p class="res-header-id"><b>Generated Narrative: Medication 02A1-CanifugCremolumCreamItem</b></p><a name="02A1-CanifugCremolumCreamItem"> </a><a name="hc02A1-CanifugCremolumCreamItem"> </a><div style="display: inline-block; background-color: #d9e0e7; padding: 6px; margin: 4px; border: 1px solid #8da1b4; border-radius: 5px; line-height: 60%"><p style="margin-bottom: 0px"/><p style="margin-bottom: 0px">Profile: <a href="StructureDefinition-Medication-eu-mpd.html">Medication: MPD</a></p></div><p><b>Medication - Unit of presentation</b>: <span title="Codes:{http://standardterms.edqm.eu 15058000}">Tube</span></p><p><b>Medication - Size of Item</b>: 20 gram<span style="background: LightGoldenRodYellow"> (Details: UCUM  codeg = 'g')</span></p><p><b>form</b>: <span title="Codes:{http://standardterms.edqm.eu 10901000}">Vaginal cream</span></p><p><b>amount</b>: 1 Tube<span style="background: LightGoldenRodYellow"> (Details: EDQM Standard Terms  code15058000 = 'Tube')</span>/1</p><h3>Ingredients</h3><table class="grid"><tr><td style="display: none">-</td><td><b>Item[x]</b></td><td><b>IsActive</b></td><td><b>Strength</b></td></tr><tr><td style="display: none">*</td><td><span title="Codes:{http://snomed.info/sct 387325003}">Clotrimazole</span></td><td>true</td><td>10 milligram<span style="background: LightGoldenRodYellow"> (Details: UCUM  codemg = 'mg')</span>/1 gram<span style="background: LightGoldenRodYellow"> (Details: UCUM  codeg = 'g')</span></td></tr></table></div>
  </text>
  <extension url="https://profiles.ihe.net/PHARM/MPD/StructureDefinition/ihe-ext-medication-unitofpresentation">
    <valueCodeableConcept>
      <coding>
        <system value="http://standardterms.edqm.eu"/>
        <code value="15058000"/>
        <display value="Tube"/>
      </coding>
    </valueCodeableConcept>
  </extension>
  <extension url="https://profiles.ihe.net/PHARM/MPD/StructureDefinition/ihe-ext-medication-sizeofitem">
    <valueQuantity>
      <value value="20"/>
      <unit value="gram"/>
      <system value="http://unitsofmeasure.org"/>
      <code value="g"/>
    </valueQuantity>
  </extension>
  <form>
    <coding>
      <system value="http://standardterms.edqm.eu"/>
      <code value="10901000"/>
      <display value="Vaginal cream"/>
    </coding>
  </form>
  <amount>
    <numerator>
      <value value="1"/>
      <unit value="Tube"/>
      <system value="http://standardterms.edqm.eu"/>
      <code value="15058000"/>
    </numerator>
    <denominator>
      <value value="1"/>
    </denominator>
  </amount>
  <ingredient>
    <itemCodeableConcept>
      <coding>
        <system value="http://snomed.info/sct"/>
        <code value="387325003"/>
        <display value="Clotrimazole"/>
      </coding>
    </itemCodeableConcept>
    <isActive value="true"/>
    <strength>
      <numerator>
        <value value="10"/>
        <unit value="milligram"/>
        <system value="http://unitsofmeasure.org"/>
        <code value="mg"/>
      </numerator>
      <denominator>
        <value value="1"/>
        <unit value="gram"/>
        <system value="http://unitsofmeasure.org"/>
        <code value="g"/>
      </denominator>
    </strength>
  </ingredient>
</Medication>