<?xml version="1.0" encoding="UTF-8"?>

<MedicationRequest xmlns="http://hl7.org/fhir">
  <id value="100C-3-medication-prescription-request3"/>
  <meta>
    <profile value="http://hl7.eu/fhir/mpd/StructureDefinition/MedicationRequest-eu-mpd"/>
  </meta>
  <text>
    <status value="generated"/><div xmlns="http://www.w3.org/1999/xhtml"><p class="res-header-id"><b>Generated Narrative: MedicationRequest 100C-3-medication-prescription-request3</b></p><a name="100C-3-medication-prescription-request3"> </a><a name="hc100C-3-medication-prescription-request3"> </a><a name="100C-3-medication-prescription-request3-en-US"> </a><div style="display: inline-block; background-color: #d9e0e7; padding: 6px; margin: 4px; border: 1px solid #8da1b4; border-radius: 5px; line-height: 60%"><p style="margin-bottom: 0px"/><p style="margin-bottom: 0px">Profile: <a href="StructureDefinition-MedicationRequest-eu-mpd.html">MedicationRequest: MPD</a></p></div><p><b>identifier</b>: 100-3/3</p><p><b>status</b>: Active</p><p><b>intent</b>: Option</p><p><b>medication</b>: <span title="Codes:{http://snomed.info/sct 374072009}">Prednisone 50 mg oral tablet</span></p><p><b>subject</b>: <a href="Patient-patient1.html">Thomas Engine  Male, DoB: 1950-09-15 ( 12345)</a></p><p><b>authoredOn</b>: 2024-10-03</p><p><b>requester</b>: <a href="PractitionerRole-doctor1.html">PractitionerRole Clinical oncologist</a></p><p><b>reasonCode</b>: <span title="Codes:{http://snomed.info/sct 109989006}">Multiple myeloma</span></p><p><b>groupIdentifier</b>: 100</p><blockquote><p><b>dosageInstruction</b></p><p><b>timing</b>: Once per 1 day</p><h3>DoseAndRates</h3><table class="grid"><tr><td style="display: none">-</td><td><b>Dose[x]</b></td></tr><tr><td style="display: none">*</td><td>3 Tablet<span style="background: LightGoldenRodYellow"> (Details: SNOMED CT  code732936001 = '732936001')</span></td></tr></table></blockquote><h3>DispenseRequests</h3><table class="grid"><tr><td style="display: none">-</td><td><b>ValidityPeriod</b></td><td><b>NumberOfRepeatsAllowed</b></td><td><b>Quantity</b></td></tr><tr><td style="display: none">*</td><td>2024-10-03 --&gt; 2024-12-03</td><td>1</td><td>12 Tablet<span style="background: LightGoldenRodYellow"> (Details: SNOMED CT  code732936001 = '732936001')</span></td></tr></table></div>
  </text>
  <identifier>
    <value value="100-3/3"/>
  </identifier>
  <status value="active"/>
  <intent value="option"/>
  <medicationCodeableConcept>
    <coding>
      <system value="http://snomed.info/sct"/>
      <code value="374072009"/>
      <display value="Prednisone 50 mg oral tablet"/>
    </coding>
  </medicationCodeableConcept>
  <subject>
    <reference value="Patient/patient1"/>
  </subject>
  <authoredOn value="2024-10-03"/>
  <requester>
    <reference value="PractitionerRole/doctor1"/>
  </requester>
  <reasonCode>
    <coding>
      <system value="http://snomed.info/sct"/>
      <code value="109989006"/>
      <display value="Multiple myeloma"/>
    </coding>
  </reasonCode>
  <groupIdentifier>
    <value value="100"/>
  </groupIdentifier>
  <dosageInstruction>
    <timing>
      <repeat>
        <boundsDuration>
          <value value="4"/>
          <unit value="day"/>
          <system value="http://unitsofmeasure.org"/>
          <code value="d"/>
        </boundsDuration>
        <frequency value="1"/>
        <period value="1"/>
        <periodUnit value="d"/>
      </repeat>
    </timing>
    <doseAndRate>
      <doseQuantity>
        <value value="3"/>
        <unit value="Tablet"/>
        <system value="http://snomed.info/sct"/>
        <code value="732936001"/>
      </doseQuantity>
    </doseAndRate>
  </dosageInstruction>
  <dispenseRequest>
    <validityPeriod>
      <start value="2024-10-03"/>
      <end value="2024-12-03"/>
    </validityPeriod>
    <numberOfRepeatsAllowed value="1"/>
    <quantity>
      <value value="12"/>
      <unit value="Tablet"/>
      <system value="http://snomed.info/sct"/>
      <code value="732936001"/>
    </quantity>
  </dispenseRequest>
</MedicationRequest>