{
  "resourceType" : "Medication",
  "id" : "01A-Cefuroxime1500GenericExplicit",
  "meta" : {
    "profile" : ["http://hl7.eu/fhir/mpd-r5/StructureDefinition/Medication-eu-mpd"]
  },
  "text" : {
    "status" : "extensions",
    "div" : "<div xmlns=\"http://www.w3.org/1999/xhtml\"><p class=\"res-header-id\"><b>Generated Narrative: Medication 01A-Cefuroxime1500GenericExplicit</b></p><a name=\"01A-Cefuroxime1500GenericExplicit\"> </a><a name=\"hc01A-Cefuroxime1500GenericExplicit\"> </a><a name=\"01A-Cefuroxime1500GenericExplicit-en-US\"> </a><div style=\"display: inline-block; background-color: #d9e0e7; padding: 6px; margin: 4px; border: 1px solid #8da1b4; border-radius: 5px; line-height: 60%\"><p style=\"margin-bottom: 0px\"/><p style=\"margin-bottom: 0px\">Profile: <a href=\"StructureDefinition-Medication-eu-mpd.html\">Medication: MPD</a></p></div><p><b>Medication - Classification</b>: <span title=\"Codes:{http://www.whocc.no/atc J01DC02}\">cefuroxime</span></p><p><b>doseForm</b>: <span title=\"Codes:{http://standardterms.edqm.eu 50053000}\">Powder for solution for injection or infusion</span></p><blockquote><p><b>ingredient</b></p><h3>Items</h3><table class=\"grid\"><tr><td style=\"display: none\">-</td><td><b>Concept</b></td></tr><tr><td style=\"display: none\">*</td><td><span title=\"Codes:{http://snomed.info/sct 372833007}\">Cefuroxime</span></td></tr></table><p><b>isActive</b>: true</p><p><b>strength</b>: 1500 milligram<span style=\"background: LightGoldenRodYellow\"> (Details: UCUM  codemg = 'mg')</span>/1 Vial<span style=\"background: LightGoldenRodYellow\"> (Details: standardterms.edqm.eu  code15060000 = 'Vial')</span></p></blockquote></div>"
  },
  "extension" : [{
    "url" : "https://profiles.ihe.net/PHARM/MPD/StructureDefinition/ihe-ext-medication-classification",
    "valueCodeableConcept" : {
      "coding" : [{
        "system" : "http://www.whocc.no/atc",
        "code" : "J01DC02",
        "display" : "cefuroxime"
      }]
    }
  }],
  "doseForm" : {
    "coding" : [{
      "system" : "http://standardterms.edqm.eu",
      "code" : "50053000",
      "display" : "Powder for solution for injection or infusion"
    }]
  },
  "ingredient" : [{
    "item" : {
      "concept" : {
        "coding" : [{
          "system" : "http://snomed.info/sct",
          "code" : "372833007",
          "display" : "Cefuroxime"
        }]
      }
    },
    "isActive" : true,
    "strengthRatio" : {
      "numerator" : {
        "value" : 1500,
        "unit" : "milligram",
        "system" : "http://unitsofmeasure.org",
        "code" : "mg"
      },
      "denominator" : {
        "value" : 1,
        "unit" : "Vial",
        "system" : "http://standardterms.edqm.eu",
        "code" : "15060000"
      }
    }
  }]
}