{
  "resourceType" : "MedicationRequest",
  "id" : "300C-2-medication-prescription-request1",
  "meta" : {
    "profile" : ["http://hl7.eu/fhir/mpd/StructureDefinition/MedicationRequest-eu-mpd"]
  },
  "text" : {
    "status" : "generated",
    "div" : "<div xmlns=\"http://www.w3.org/1999/xhtml\"><p class=\"res-header-id\"><b>Generated Narrative: MedicationRequest 300C-2-medication-prescription-request1</b></p><a name=\"300C-2-medication-prescription-request1\"> </a><a name=\"hc300C-2-medication-prescription-request1\"> </a><a name=\"300C-2-medication-prescription-request1-en-US\"> </a><p><b>identifier</b>: 300-1/2</p><p><b>status</b>: Active</p><p><b>intent</b>: Option</p><p><b>medication</b>: <a href=\"Medication-02A2-CanifugCremolumPessaryItem.html\">Medication: extension = Pessary; form = Pessary; amount = 6 Pessary / 1</a></p><p><b>subject</b>: <a href=\"Patient-patient1.html\">Thomas Engine  Male, DoB: 1950-09-15 ( 12345)</a></p><p><b>authoredOn</b>: 2024-10-06</p><p><b>requester</b>: <a href=\"PractitionerRole-doctor1.html\">PractitionerRole Clinical oncologist</a></p><p><b>reasonCode</b>: <span title=\"Codes:{http://snomed.info/sct 72934000}\">Candidiasis of vagina</span></p><p><b>groupIdentifier</b>: 300</p><blockquote><p><b>dosageInstruction</b></p><p><b>timing</b>: Late Evening, Once per 1 day</p><h3>DoseAndRates</h3><table class=\"grid\"><tr><td style=\"display: none\">-</td><td><b>Dose[x]</b></td></tr><tr><td style=\"display: none\">*</td><td>1 Pessary<span style=\"background: LightGoldenRodYellow\"> (Details: SNOMED CT  code733007009 = 'Pessary (unit of presentation)')</span></td></tr></table></blockquote><h3>DispenseRequests</h3><table class=\"grid\"><tr><td style=\"display: none\">-</td><td><b>ValidityPeriod</b></td><td><b>NumberOfRepeatsAllowed</b></td><td><b>Quantity</b></td></tr><tr><td style=\"display: none\">*</td><td>2024-10-06 --&gt; 2024-12-06</td><td>1</td><td>6 Pessary<span style=\"background: LightGoldenRodYellow\"> (Details: SNOMED CT  code733007009 = 'Pessary (unit of presentation)')</span></td></tr></table></div>"
  },
  "identifier" : [{
    "value" : "300-1/2"
  }],
  "status" : "active",
  "intent" : "option",
  "medicationReference" : {
    "reference" : "Medication/02A2-CanifugCremolumPessaryItem"
  },
  "subject" : {
    "reference" : "Patient/patient1"
  },
  "authoredOn" : "2024-10-06",
  "requester" : {
    "reference" : "PractitionerRole/doctor1"
  },
  "reasonCode" : [{
    "coding" : [{
      "system" : "http://snomed.info/sct",
      "code" : "72934000",
      "display" : "Candidiasis of vagina"
    }]
  }],
  "groupIdentifier" : {
    "value" : "300"
  },
  "dosageInstruction" : [{
    "timing" : {
      "repeat" : {
        "boundsDuration" : {
          "value" : 6,
          "unit" : "day",
          "system" : "http://unitsofmeasure.org",
          "code" : "d"
        },
        "frequency" : 1,
        "period" : 1,
        "periodUnit" : "d",
        "when" : ["EVE.late"]
      }
    },
    "doseAndRate" : [{
      "doseQuantity" : {
        "value" : 1,
        "unit" : "Pessary",
        "system" : "http://snomed.info/sct",
        "code" : "733007009"
      }
    }]
  }],
  "dispenseRequest" : {
    "validityPeriod" : {
      "start" : "2024-10-06",
      "end" : "2024-12-06"
    },
    "numberOfRepeatsAllowed" : 1,
    "quantity" : {
      "value" : 6,
      "unit" : "Pessary",
      "system" : "http://snomed.info/sct",
      "code" : "733007009"
    }
  }
}