<?xml version="1.0" encoding="UTF-8"?>

<Medication xmlns="http://hl7.org/fhir">
  <id value="01C-Cefuroxime1500Branded"/>
  <meta>
    <profile value="http://hl7.eu/fhir/mpd/StructureDefinition/Medication-eu-mpd"/>
  </meta>
  <text>
    <status value="extensions"/><div xmlns="http://www.w3.org/1999/xhtml"><p class="res-header-id"><b>Generated Narrative: Medication 01C-Cefuroxime1500Branded</b></p><a name="01C-Cefuroxime1500Branded"> </a><a name="hc01C-Cefuroxime1500Branded"> </a><a name="01C-Cefuroxime1500Branded-en-US"> </a><div style="display: inline-block; background-color: #d9e0e7; padding: 6px; margin: 4px; border: 1px solid #8da1b4; border-radius: 5px; line-height: 60%"><p style="margin-bottom: 0px"/><p style="margin-bottom: 0px">Profile: <a href="StructureDefinition-Medication-eu-mpd.html">Medication: MPD</a></p></div><p><b>Medication - Classification</b>: <span title="Codes:{http://www.whocc.no/atc J01DC02}">cefuroxime</span></p><p><b>Medication - Product Name</b>: Cefuroxime MIP 1500 mg, powder for solution for injection or infusion</p><p><b>Medication - Unit of presentation</b>: <span title="Codes:{http://standardterms.edqm.eu 15060000}">Vial</span></p><p><b>identifier</b>: <code>http://example.org/NationalMedicationRegister</code>/1529962</p><p><b>manufacturer</b>: MIP Pharma GmbH</p><p><b>form</b>: <span title="Codes:{http://standardterms.edqm.eu 50053000}">Powder for solution for injection or infusion</span></p><p><b>amount</b>: 10 Vial<span style="background: LightGoldenRodYellow"> (Details: standardterms.edqm.eu  code15060000 = 'Vial')</span>/1</p><h3>Ingredients</h3><table class="grid"><tr><td style="display: none">-</td><td><b>Item[x]</b></td><td><b>IsActive</b></td><td><b>Strength</b></td></tr><tr><td style="display: none">*</td><td><span title="Codes:{http://snomed.info/sct 372833007}">Cefuroxime</span></td><td>true</td><td>1500 milligram<span style="background: LightGoldenRodYellow"> (Details: UCUM  codemg = 'mg')</span>/1 Vial<span style="background: LightGoldenRodYellow"> (Details: standardterms.edqm.eu  code15060000 = 'Vial')</span></td></tr></table></div>
  </text>
  <extension url="https://profiles.ihe.net/PHARM/MPD/StructureDefinition/ihe-ext-medication-classification">
    <valueCodeableConcept>
      <coding>
        <system value="http://www.whocc.no/atc"/>
        <code value="J01DC02"/>
        <display value="cefuroxime"/>
      </coding>
    </valueCodeableConcept>
  </extension>
  <extension url="https://profiles.ihe.net/PHARM/MPD/StructureDefinition/ihe-ext-medication-productname">
    <valueString value="Cefuroxime MIP 1500 mg, powder for solution for injection or infusion"/>
  </extension>
  <extension url="https://profiles.ihe.net/PHARM/MPD/StructureDefinition/ihe-ext-medication-unitofpresentation">
    <valueCodeableConcept>
      <coding>
        <system value="http://standardterms.edqm.eu"/>
        <code value="15060000"/>
        <display value="Vial"/>
      </coding>
    </valueCodeableConcept>
  </extension>
  <identifier>
    <system value="http://example.org/NationalMedicationRegister"/>
    <value value="1529962"/>
  </identifier>
  <manufacturer>
    <display value="MIP Pharma GmbH"/>
  </manufacturer>
  <form>
    <coding>
      <system value="http://standardterms.edqm.eu"/>
      <code value="50053000"/>
      <display value="Powder for solution for injection or infusion"/>
    </coding>
  </form>
  <amount>
    <numerator>
      <value value="10"/>
      <unit value="Vial"/>
      <system value="http://standardterms.edqm.eu"/>
      <code value="15060000"/>
    </numerator>
    <denominator>
      <value value="1"/>
    </denominator>
  </amount>
  <ingredient>
    <itemCodeableConcept>
      <coding>
        <system value="http://snomed.info/sct"/>
        <code value="372833007"/>
        <display value="Cefuroxime"/>
      </coding>
    </itemCodeableConcept>
    <isActive value="true"/>
    <strength>
      <numerator>
        <value value="1500"/>
        <unit value="milligram"/>
        <system value="http://unitsofmeasure.org"/>
        <code value="mg"/>
      </numerator>
      <denominator>
        <value value="1"/>
        <unit value="Vial"/>
        <system value="http://standardterms.edqm.eu"/>
        <code value="15060000"/>
      </denominator>
    </strength>
  </ingredient>
</Medication>