{
  "resourceType" : "ValueSet",
  "id" : "63d27c0b-c005-439f-98f7-242383f535fd-32",
  "url" : "http://hl7.org/fhir/comparison/ValueSet/63d27c0b-c005-439f-98f7-242383f535fd-32",
  "name" : "UnionProcedurePerformerRoleCodesAndProcedurePerformerRoleCodes",
  "title" : "Union of Procedure Performer Role Codes And Procedure Performer Role Codes",
  "status" : "draft",
  "date" : "2025-10-13T13:38:02+00:00",
  "compose" : {
    "include" : [{
      "filter" : [{
        "property" : "concept",
        "op" : "is-a",
        "value" : "223366009"
      }]
    }]
  }
}