{
  "resourceType" : "ValueSet",
  "id" : "63d27c0b-c005-439f-98f7-242383f535fd-41",
  "url" : "http://hl7.org/fhir/comparison/ValueSet/63d27c0b-c005-439f-98f7-242383f535fd-41",
  "name" : "UnionTimingAbbreviationAndTimingAbbreviation",
  "title" : "Union of TimingAbbreviation And TimingAbbreviation",
  "status" : "draft",
  "date" : "2025-10-13T13:38:02+00:00",
  "compose" : {
    "include" : [{
      "concept" : [{
        "code" : "BID",
        "display" : "BID"
      },
      {
        "code" : "TID",
        "display" : "TID"
      },
      {
        "code" : "QID",
        "display" : "QID"
      },
      {
        "code" : "AM",
        "display" : "AM"
      },
      {
        "code" : "PM",
        "display" : "PM"
      },
      {
        "code" : "QD",
        "display" : "QD"
      },
      {
        "code" : "QOD",
        "display" : "QOD"
      },
      {
        "code" : "Q1H",
        "display" : "every hour"
      },
      {
        "code" : "Q2H",
        "display" : "every 2 hours"
      },
      {
        "code" : "Q3H",
        "display" : "every 3 hours"
      },
      {
        "code" : "Q4H",
        "display" : "Q4H"
      },
      {
        "code" : "Q6H",
        "display" : "Q6H"
      },
      {
        "code" : "Q8H",
        "display" : "every 8 hours"
      },
      {
        "code" : "BED",
        "display" : "at bedtime"
      },
      {
        "code" : "WK",
        "display" : "weekly"
      },
      {
        "code" : "MO",
        "display" : "monthly"
      }]
    }]
  }
}