{
  "resourceType" : "Practitioner",
  "id" : "practitioner2",
  "text" : {
    "status" : "generated",
    "div" : "<div xmlns=\"http://www.w3.org/1999/xhtml\"><p class=\"res-header-id\"><b>Generated Narrative: Practitioner practitioner2</b></p><a name=\"practitioner2\"> </a><a name=\"hcpractitioner2\"> </a><p><b>identifier</b>: hpc-pharm-124</p><p><b>name</b>: Moon Farmatseut </p></div>"
  },
  "identifier" : [{
    "value" : "hpc-pharm-124"
  }],
  "name" : [{
    "family" : "Farmatseut",
    "given" : ["Moon"]
  }]
}