{
  "resourceType" : "PractitionerRole",
  "id" : "doctor1",
  "text" : {
    "status" : "generated",
    "div" : "<div xmlns=\"http://www.w3.org/1999/xhtml\"><p class=\"res-header-id\"><b>Generated Narrative: PractitionerRole doctor1</b></p><a name=\"doctor1\"> </a><a name=\"hcdoctor1\"> </a><p><b>practitioner</b>: <a href=\"Practitioner-practitioner1.html\">Dr Meryl Ärztin</a></p><p><b>organization</b>: <a href=\"Organization-organization1.html\">Dr Ärztin Private Practice</a></p><p><b>code</b>: <span title=\"Codes:{http://snomed.info/sct 309295000}\">Clinical oncologist</span></p></div>"
  },
  "practitioner" : {
    "reference" : "Practitioner/practitioner1",
    "display" : "Dr Meryl Ärztin"
  },
  "organization" : {
    "reference" : "Organization/organization1",
    "display" : "Dr Ärztin Private Practice"
  },
  "code" : [{
    "coding" : [{
      "system" : "http://snomed.info/sct",
      "code" : "309295000",
      "display" : "Clinical oncologist"
    }]
  }]
}